spec_id,modifications,peptide,charge
12293,-,AAKALDRHQAHLCVLASNCDEPMYVK,4
34011,-,ACAIGILMKDLAGELALVDVMEDK,3
21058,-,ADASSTSSFLDSDELER,2
20421,-,AEISEMNRNISWLQAEIEGLKGQR,4
22519,-,AENGKLVINENPITIFQERDPSK,3
32014,-,AIYDNFGIMEGFMTTVHAITATQK,3
13864,-,ANGETTTQGLDGLSER,2
21122,-,AQVIILNHPGQISSGYAPVLDCHTAHIACK,4
9988,-,ASLLLQTTVHAITATQK,2
13997,-,DEELQSLAGK,2
21924,-,DEVLEEEDSKKDDGISFSNQTGPAWAGSER,4
28837,-,DGSASGTMLLEALDCILPPTHPTDKPLR,3
20778,-,DLLILLYETALLSSGFSLEDPQTHANR,4
28867,-,DPSKIRWGNAGAEYIMESTGVFTTMEK,4
18012,-,EANTKVSELEAALQR,3
34446,-,EEAKSLQAQIASSGLMVEVDAPK,3
21301,-,ELEEIVQPLISK,2
15417,-,EPSHSQTNYLSMANAGPNTNGSQFFLCTAK,3
10700,-,FAAAMGATPIAGR,3
22951,-,FASFIDKVQFLQQQNK,2
19521,-,FDTGNLWMVTGGANLGR,2
19213,-,IEGEIIVCAAYAHELPK,3
25521,-,IEMELRDISNDVLSLLEK,2
22921,-,IGIVDQSQQAYQEAFEISKK,2
7412,-,IGVHHYSGNNIELGTACGK,2
11052,-,ILKEGGYSFTTTAER,3
34841,-,IRELQSQISATSVVLSMDNSR,2
13799,-,IVGSAFCTTNCLAPLAK,3
16009,-,IWHHTYNEVRVTAEEHPVLLTEAPLNPK,3
8075,-,KGDHYHYLAEVAAGDDKK,3
20600,-,KGIVGQSQQAYQEAFEISKK,3
7966,-,KILAGGFKEDTEEHHLR,4
8205,-,KLDESVAEAHLGK,2
13750,-,KTQTVCSFADGALVQHQEWDGK,3
25743,-,KVKVDEFPLYGHMVSDEFEQLSSEALEAAR,4
18666,-,LALDIQIATYRK,2
13314,-,LLPDDPYDK,2
22811,-,LNLEVDPNIQAVR,2
26431,-,LQSQIWDTSVVLSMDNSWSLDMDSIIAEVK,3
17177,-,LVESLCAEHQINLIK,3
22456,-,LVITGNLITIFQERDPSK,3
25461,-,MAIATGGAVFGEEGLTLNLEDVQPHDLGK,4
29328,-,MARSRTSSSPAISQALLELEMNSDLK,3
23567,-,MCDIKEKLCYVALEFEQEMASAASSSSLEK,3
20921,-,MDNCEELIPEYLNFIRGVVDSEDLPLNISR,3
13343,-,MDSIIAEVK,2
22846,-,MEKIEVIEIMTDR,3
29841,-,MEVTGDEYNVENIDGQPGAFTCYLDAGLAR,3
26059,-,MGGITAITFNQSLLSPLNLEVDPNIQAVR,2
28850,-,MSAQPTVSLGGFEITPPVVLR,2
14985,-,MTLKNRETVQLETLSIR,4
23007,-,MWVDGTSGKLWHDDHEALKNIIPASTGAAK,2
32510,-,NMITETSQADCAVLIVAAGVGEFEAGISK,3
14163,-,QAGKKLYDIDVAK,3
39503,-,QLYEEEIRELQSWISDTSVVLSMDNSR,3
7598,-,QTSAESWGTGR,2
30194,-,RDNYVPKVSALDQEIIEVDPDTK,3
20228,-,SGDAAIADMVPGKPMCVESFSDYPPLGR,3
15933,-,SGDAAIVDMVPGKPVYVESFSDYPPLGR,3
27729,-,SLDMDNTIAEVK,3
25205,-,SVFIKNSSYVILKADQLTEEQIAEFK,4
19273,-,SYELPDDQVITIDNER,2
22143,-,TIVAIENPADVSVISSR,2
30900,-,TLTAVHDAFLEDLVFPSEIVGK,3
6725,-,TPQRPSSVEDIK,3
17265,-,TQFSCTLGEKFEETTADGR,2
10043,-,VFGTLKEAAVGGLSIPHSTK,3
26275,-,VNDPIQIDLETGKITDFIK,3
12411,-,VNISVLSVDAPMFVMGVNHEKYDNSLK,4
30881,-,WPQQIEESTTVVTTQSAEVGAAETTLTELR,3
10343,-,YLMEQDEDAYKK,2
27127,-,YLTEVTAGDDKIGIVDQSQQAYQEAFEISK,4
7887,-,ADKDYHFKVNNDENEHQLSLR,4
2859,-,ATAPQTQHMSPMR,2
26977,-,DKLHIVETEAMNYEGSPIKVTLATLK,3
20898,-,DNLTLWTSDTRGDKAEAGEGGEN,3
2068,-,DSYVDEAQSKR,2
21479,-,EKLCYITLDFEQEMATAASSSSLEK,4
8777,-,ENAEAYLGK,2
21180,-,GFAFVTFDNGDSMDKTVIQK,3
23658,-,GSAFVTFDDHDTVDKIVVQK,3
10336,-,IGGIGSVPVGR,2
9617,-,IISNASCTMNCLAPLAK,2
13243,-,KLLDGEESRLESGMQNMSIHTK,3
12504,-,KLLEGDESRLESGMLNMSIHTK,4
14696,-,KSFSKEELMSSDLEETAGSTSLPK,3
23445,-,LLEDGKDFNLGDTLDCSNSMQTIQK,3
5488,-,LQAEAEGLKGQR,3
29668,-,LQLETEIEAVKEELLFMKK,3
15335,-,LVESLCAEHQINLIKVDDNK,3
31024,-,MDMDMSPLRPQNYLFGCELK,3
23252,-,MDNSCSLDMDSIIAEVK,3
31056,-,NMITGTSQADRAVLIVAAGVGEFEAGISK,2
15739,-,NQGTVNWSVDDIVK,2
23199,-,QKMAQSNMDNMFESYINNLR,2
29489,-,QLYEEGIRELQSQISNTSVVLSMDNSR,3
15053,-,SFSKEELMSSDLEETAGSTSLPKR,3
15202,-,SLDMNSIIAEVK,2
14668,-,SLDMNSVIAEVK,2
15502,-,SVEMHHEALNEALPGDNMGFNVK,3
17856,-,SVEMHHEALSEVLPGDNVGFNVK,3
30785,-,SVGGITTITVNQSLLSPLNLEVDPNIQAVR,3
4385,-,TPKTPQRPSSVEDIK,3
4015,-,TTHFVEGGDASNREDQINR,3
9851,-,VKLEAAIATYR,3
20903,-,VMTIPYQPMPAKSPVICAGGQDR,3
6215,-,VSNSGPRAFSSHSYMCGPSACISSSSFSR,2
21876,-,WSLLQQQEMAQSNMDNMFESYINNLR,4
21276,-,WSLLQQQKMAQSNLDNMFESYINNLR,4
17234,-,YADLTEDLLPSCESLKDTIAR,3
8077,-,YEELQALAGK,2
3789,-,YLAEVAAGDGKK,2
16188,-,YPIKHGIVTNWDDMEK,3
22232,-,AEEGIAAGGIRDVTTALQEVLK,2
20030,-,AIATGGAVFGEEGLTLNLEDVQPHDLGK,4
23498,-,ALMLQGIDLLADAVALTMGPK,3
18576,-,CRASLLLQTTVHAITATQKTVDGPSGK,4
20438,-,CSSIAAAIAAVNALHGR,3
11689,-,DANAAIATIK,2
16024,-,DIIYQIAYAR,2
15318,-,DNSCSLDMDSIIAEVK,3
1884,-,DSYVDEAQSK,2
5729,-,DSYVGDQAQSK,2
16666,-,DYGTESQAKDVIEEYFK,2
19602,-,EELELLKEDMQDYSEDLQELKK,4
3972,-,EKGQFEDMAK,2
6662,-,EMKPMSLLK,2
15682,-,ETVQLETLSIR,2
10665,-,EVDEQMFNVQNK,2
19920,-,FRCPEALFQPSFLGMESCGIHDTTFNSIMK,4
17984,-,GGGSGNFMGCGGSFGGGGGNFGR,3
11635,-,GIILLAEGR,2
16408,-,GTVDQSQQAHQEAFEISKK,3
14127,-,HLEINPDDSIIETLR,3
14456,-,HTGPGILSIANARPNSNGSQFFICTAK,3
19200,-,HTGPGILSMANAGPGTNVSQFFICTAK,3
14224,-,HTGPGILSMANAGPITNSSQFFICTAK,3
4048,-,HYTMNGHNCEVR,3
16581,-,IIENAENEYQTAISENCQTMSDTTFK,3
15762,-,IINKPTAAAIAYGLDKR,3
7315,-,IMLLTSEENPHGNDSAK,3
10603,-,IQVHYYEDGSVQLVSHK,4
22834,-,ISGPTETARCIESLIAVFQK,3
19403,-,ISMKEVDEQMLNVQNKNSSYFVEWIPNNVK,2
5344,-,ITGMVFQVPTTYMSDLICHPENPAKYDDIK,3
10606,-,IYFLQCETCHSR,2
5776,-,KDVDEADMNKVELESR,3
7544,-,KEMANEFVLLKK,2
16159,-,KLKLEAELGNMQGLVEDFK,3
10356,-,KLLESEESHLESGMQNMSIHTK,4
12903,-,KLLMMTGINDCYTSAR,2
13895,-,KLWCDGHGALQIIIPASTGAAK,3
17813,-,KPGGFDLSLFYR,3
14471,-,KSEVEYYAMLAK,2
5356,-,KTTHFVEGGDASNREDQINR,4
6189,-,KVIDDTNVTR,2
12166,-,LAPNYNALDVANK,2
20479,-,LDGLTDEINFLR,2
20529,-,LEAGLGNMQGLVEDFK,4
18236,-,LEGPTDEINFLR,2
12932,-,LKGEMMDLHHGSLFLR,4
21285,-,LLDFGSLSNLQVTRPTVGMNFK,3
14193,-,LLDGEESRLESGMQNMSIHTK,4
8922,-,LLMMTGINDCYTSARGCTATLGNFAK,3
11229,-,LNEEASEEILKVEQK,3
9064,-,LQAENEGLKGQR,2
22040,-,LQLETEIEAVKEELLFMK,3
11118,-,LSMKAALEATLAETEAR,2
13175,-,LTGMAFCVPTAVSVVDLTCR,3
10569,-,LTSLAAALNENKDGK,3
13350,-,LVEALCAEHQIDLIKVDDNKK,4
13521,-,LVQDVANNTNEETGDGPTTATVLAR,3
8703,-,MAACMKSVTKQGAELSNEER,2
15045,-,MACARLLISVYSESGESSGKNVTLPAVFK,2
20790,-,MAVTFIGSSTAIQELFK,3
9602,-,MDSTEPPYSQKREEEIVK,3
8789,-,MNHEKYDNSLKIVSNASCTTNCLAPLAK,2
13115,-,MNVVSSLVSLLWKFETSKYYVTIIDAPGHR,2
9824,-,MSTKIGGIGTVPVGR,2
8617,-,MVNDAEKFAEEDTKLK,4
23336,-,NLIPFDQTTTEDLNEAFPETK,3
19524,-,NPTNKFASFIDK,3
10104,-,NQVAMNPTNMVFDAKR,2
11882,-,NTGQTAVLKFAAATGATPIAGR,4
8889,-,QFPDYDSESKGFNAEVHRK,4
17695,-,QLEDGCTLSDYSIQKESTLHLVLR,4
10220,-,QQSHFAMMHGGTGFTRIDSSSPEVK,3
5710,-,RFPSYDSESK,2
11510,-,RTEMENQFVLIKK,3
18413,-,SGALDVLQMREEDVLK,2
16660,-,SIYGEKFNNENFILK,2
17092,-,SIYQEKFDDENFILK,2
8873,-,SLAGNSGPGASSGPSGDHSELVVR,3
22650,-,SRTLTAVHDAFLEDLVFPSEIVGK,3
12887,-,SVEMHHEALSETLSGDNVGFNVK,4
22150,-,TDAAVSFTKDFLAGGVAAAISK,3
7753,-,TEELNREVAGHTDQLQMSR,4
19761,-,TEFPSFMNKELAAFTK,2
12651,-,TEWLDGTHVVFGKVKEGINIVEAMER,4
20033,-,TFAPKEISAMVLTK,2
14509,-,TITLEAEPLDTIENVK,2
3792,-,TLSCAGADR,2
3579,-,TQEKQQIKTLNNK,3
8260,-,TTSGNKVFGALK,2
11741,-,VEMTEFEDIKSGYR,3
16579,-,VETGILKPGMVVTFAPVSVTTEVK,3
19212,-,VGLSNYAAAYCTGLLLAR,3
17825,-,VGLTNYAATYCTGLLLAR,3
20586,-,VIHDNFGIVEGLMTIVHAITATQK,3
9545,-,VKLLLEVQHASK,2
8564,-,VKYETGLAMR,2
8148,-,VKYVTELAMR,3
13210,-,VLSNMEIGTSLFDEEGAK,3
16604,-,VPSLVGSFLR,2
13316,-,VPTTNVSVMHLTCHLENPAKYDDIKK,4
16535,-,VSSMVLTNMKEIAEAYLGK,2
17405,-,WGDAGAEYVVEFTGVFTTMEK,3
8171,-,YVTELAMRQSMESDIHGLRK,2
13551,-,YYVTIVDAPGHRDFIK,4
